sample,condition,timepoint,timenum,short_comp,replicate,former_name,Sample_label
Control_cell_T0-1,Control,T0,0,cell,1,MCF001089_TD01,TD_1
Control_cell_T0-2,Control,T0,0,cell,2,MCF001089_TD02,TD_2
Control_cell_T2h-1,Control,T2h,2,cell,1,MCF001089_TD07,TD_7
Control_cell_T2h-2,Control,T2h,2,cell,2,MCF001089_TD08,TD_8
L-Cycloserine_cell_T0-1,L-Cycloserine,T0,0,cell,1,MCF001089_TD19,TD_19
L-Cycloserine_cell_T0-2,L-Cycloserine,T0,0,cell,2,MCF001089_TD20,TD_20
L-Cycloserine_cell_T2h-1,L-Cycloserine,T2h,2,cell,1,MCF001089_TD25,TD_25
L-Cycloserine_cell_T2h-2,L-Cycloserine,T2h,2,cell,2,MCF001089_TD26,TD_26
Control_med_T0-1,Control,T0,0,med,1,MCF001089_TD37,TD_1
Control_med_T0-2,Control,T0,0,med,2,MCF001089_TD38,TD_2
Control_med_T2h-1,Control,T2h,2,med,1,MCF001089_TD43,TD_7
Control_med_T2h-2,Control,T2h,2,med,2,MCF001089_TD44,TD_8
L-Cycloserine_med_T0-1,L-Cycloserine,T0,0,med,1,MCF001089_TD55,TD_19
L-Cycloserine_med_T0-2,L-Cycloserine,T0,0,med,2,MCF001089_TD56,TD_20
L-Cycloserine_med_T2h-1,L-Cycloserine,T2h,2,med,1,MCF001089_TD61,TD_25
L-Cycloserine_med_T2h-2,L-Cycloserine,T2h,2,med,2,MCF001089_TD62,TD_26
