former_name,compartment,Sample label,Sample description
MCF001089_TD01,Cell extracts,TD_1,Control T0-1
MCF001089_TD02,Cell extracts,TD_2,Control T0-2
MCF001089_TD07,Cell extracts,TD_7,Control T2h-1
MCF001089_TD08,Cell extracts,TD_8,Control T2h-2
MCF001089_TD19,Cell extracts,TD_19,L-Cycloserine T0-1
MCF001089_TD20,Cell extracts,TD_20,L-Cycloserine T0-2
MCF001089_TD25,Cell extracts,TD_25,L-Cycloserine T2h-1
MCF001089_TD26,Cell extracts,TD_26,L-Cycloserine T2h-2
MCF001089_TD37,Medium,TD_1,Control T0-1
MCF001089_TD38,Medium,TD_2,Control T0-2
MCF001089_TD43,Medium,TD_7,Control T2h-1
MCF001089_TD44,Medium,TD_8,Control T2h-2
MCF001089_TD55,Medium,TD_19,L-Cycloserine T0-1
MCF001089_TD56,Medium,TD_20,L-Cycloserine T0-2
MCF001089_TD61,Medium,TD_25,L-Cycloserine T2h-1
MCF001089_TD62,Medium,TD_26,L-Cycloserine T2h-2
